{"cameraMode":{"drawMode":0,"name":"Shaded","section":"Shading Mode"},"sceneLighting":false,"audioPlay":false,"sceneViewState":{"m_AlwaysRefresh":false,"showFog":true,"showSkybox":false,"showFlares":true,"showImageEffects":true,"showParticleSystems":true,"showVisualEffectGraphs":true,"m_FxEnabled":true},"in2DMode":false,"pivot":{"x":4.508962631225586,"y":1.0802074670791627,"z":1.5975689888000489},"rotation":{"x":0.16901470720767976,"y":0.33714568614959719,"z":-0.06168157234787941,"w":0.9241244196891785},"size":1.8697127103805543,"orthographic":false}