{"cameraMode":{"drawMode":0,"name":"Shaded","section":"Shading Mode"},"sceneLighting":false,"audioPlay":false,"sceneViewState":{"m_AlwaysRefresh":false,"showFog":true,"showSkybox":false,"showFlares":true,"showImageEffects":true,"showParticleSystems":true,"showVisualEffectGraphs":true,"m_FxEnabled":true},"in2DMode":false,"pivot":{"x":13.496767044067383,"y":1.1163227558135987,"z":1.5088040828704835},"rotation":{"x":0.16901470720767976,"y":0.33714568614959719,"z":-0.06168157234787941,"w":0.9241244196891785},"size":2.260383367538452,"orthographic":false}